{
"lengthUnit": "mil",
"remark": [],
"components": {
	"fields": ["COMPONENT_NO", "COMPONENT_NAME", "LAYER", "X_COORDINATE", "Y_COORDINATE", "ANGLE"],
	"rows": [
		[1, "C1", "T", 495, 1075, 270],
		[2, "C2", "T", 595, 1560, 180],
		[3, "C3", "T", 1600, 1110, 270],
		[4, "C4", "T", 1170.0445, 1551.037, 180],
		[5, "C5", "T", 1602.0591, 916.0221, 90],
		[6, "C6", "T", 1020, 1550, 0],
		[7, "C7", "T", 880, 485, 0],
		[8, "C8", "T", 380, 930, 90],
		[9, "C9", "T", 1265, 485, 180],
		[10, "C10", "T", 1570, 675, 180],
		[11, "H1", "B", 1000, 200, 0],
		[12, "R1", "T", 760, 1560, 0],
		[13, "R2", "T", 1368.431, 1552.687, 0],
		[14, "R3", "T", 870, 1585, 270],
		[15, "R4", "T", 495, 870, 270],
		[16, "R5", "T", 1570, 790, 180],
		[17, "U1", "T", 700, 1300, 0],
		[18, "U2", "T", 1300, 1300, 0],
		[19, "U3", "T", 1000, 1000, 0],
		[20, "U4", "T", 700, 700, 0],
		[21, "U5", "T", 1300, 700, 0],
		[22, "PAD1", "T", 495, 1047.44, 0],
		[23, "PAD2", "T", 495, 1102.56, 0],
		[24, "PAD3", "T", 567.44, 1560, 0],
		[25, "PAD4", "T", 622.56, 1560, 0],
		[26, "PAD5", "T", 1600, 1082.44, 0],
		[27, "PAD6", "T", 1600, 1137.56, 0],
		[28, "PAD7", "T", 1142.4845, 1551.037, 0],
		[29, "PAD8", "T", 1197.6045, 1551.037, 0],
		[30, "PAD9", "T", 1602.0591, 943.5821, 0],
		[31, "PAD10", "T", 1602.0591, 888.4621, 0],
		[32, "PAD11", "T", 1047.56, 1550, 0],
		[33, "PAD12", "T", 992.44, 1550, 0],
		[34, "PAD13", "T", 907.56, 485, 0],
		[35, "PAD14", "T", 852.44, 485, 0],
		[36, "PAD15", "T", 380, 957.56, 0],
		[37, "PAD16", "T", 380, 902.44, 0],
		[38, "PAD17", "T", 1237.44, 485, 0],
		[39, "PAD18", "T", 1292.56, 485, 0],
		[40, "PAD19", "T", 1542.44, 675, 0],
		[41, "PAD20", "T", 1597.56, 675, 0],
		[42, "PAD21", "T", 789.66, 1560, 0],
		[43, "PAD22", "T", 730.34, 1560, 0],
		[44, "PAD23", "T", 1398.091, 1552.687, 0],
		[45, "PAD24", "T", 1338.771, 1552.687, 0],
		[46, "PAD25", "T", 870, 1555.34, 0],
		[47, "PAD26", "T", 870, 1614.66, 0],
		[48, "PAD27", "T", 495, 840.34, 0],
		[49, "PAD28", "T", 495, 899.66, 0],
		[50, "PAD29", "T", 1540.34, 790, 0],
		[51, "PAD30", "T", 1599.66, 790, 0],
		[52, "PAD31", "T", 700, 200, 0],
		[53, "PAD31", "B", 700, 200, 0],
		[54, "PAD32", "T", 800, 200, 0],
		[55, "PAD32", "B", 800, 200, 0],
		[56, "PAD33", "T", 900, 200, 0],
		[57, "PAD33", "B", 900, 200, 0],
		[58, "PAD34", "T", 1000, 200, 0],
		[59, "PAD34", "B", 1000, 200, 0],
		[60, "PAD35", "T", 1100, 200, 0],
		[61, "PAD35", "B", 1100, 200, 0],
		[62, "PAD36", "T", 1200, 200, 0],
		[63, "PAD36", "B", 1200, 200, 0],
		[64, "PAD37", "T", 1300, 200, 0],
		[65, "PAD37", "B", 1300, 200, 0],
		[66, "PAD38", "T", 739.37, 1262.6, 0],
		[67, "PAD39", "T", 739.37, 1337.4, 0],
		[68, "PAD40", "T", 660.63, 1300, 0],
		[69, "PAD41", "T", 1339.37, 1262.6, 0],
		[70, "PAD42", "T", 1339.37, 1337.4, 0],
		[71, "PAD43", "T", 1260.63, 1300, 0],
		[72, "PAD44", "T", 1039.37, 962.6, 0],
		[73, "PAD45", "T", 1039.37, 1037.4, 0],
		[74, "PAD46", "T", 960.63, 1000, 0],
		[75, "PAD47", "T", 739.37, 662.6, 0],
		[76, "PAD48", "T", 739.37, 737.4, 0],
		[77, "PAD49", "T", 660.63, 700, 0],
		[78, "PAD50", "T", 1339.37, 662.6, 0],
		[79, "PAD51", "T", 1339.37, 737.4, 0],
		[80, "PAD52", "T", 1260.63, 700, 0]
	]
},
"pins": {
	"fields": ["PIN_NO", "PIN_NAME", "PIN_X", "PIN_Y", "LAYER", "PIN_TYPE", "NET_NAME", "NET_TYPE", "PAD_SHAPE", "PAD_SIZEX", "PAD_SIZEY", "HOLE_SIZE", "HOLE_LEN", "PAD_ANGLE"],
	"rows": [
		[1, "C1_1", 495, 1102.56, "T", "SMD", "VCC", "", "R", 31.496, 35.433, 0, 0, 270],
		[2, "C1_2", 495, 1047.44, "T", "SMD", "GND", "GND", "R", 31.496, 35.433, 0, 0, 270],
		[3, "C2_1", 622.56, 1560, "T", "SMD", "SENSE1", "", "R", 31.496, 35.433, 0, 0, 180],
		[4, "C2_2", 567.44, 1560, "T", "SMD", "GND", "GND", "R", 31.496, 35.433, 0, 0, 180],
		[5, "C3_1", 1600, 1137.56, "T", "SMD", "VCC", "", "R", 31.496, 35.433, 0, 0, 270],
		[6, "C3_2", 1600, 1082.44, "T", "SMD", "GND", "GND", "R", 31.496, 35.433, 0, 0, 270],
		[7, "C4_1", 1197.6045, 1551.037, "T", "SMD", "SENSE2", "", "R", 31.496, 35.433, 0, 0, 180],
		[8, "C4_2", 1142.4845, 1551.037, "T", "SMD", "GND", "GND", "R", 31.496, 35.433, 0, 0, 180],
		[9, "C5_1", 1602.0591, 888.4621, "T", "SMD", "VCC", "", "R", 31.496, 35.433, 0, 0, 90],
		[10, "C5_2", 1602.0591, 943.5821, "T", "SMD", "GND", "GND", "R", 31.496, 35.433, 0, 0, 90],
		[11, "C6_1", 992.44, 1550, "T", "SMD", "SENSE3", "", "R", 31.496, 35.433, 0, 0, 0],
		[12, "C6_2", 1047.56, 1550, "T", "SMD", "GND", "GND", "R", 31.496, 35.433, 0, 0, 0],
		[13, "C7_1", 852.44, 485, "T", "SMD", "VCC", "", "R", 31.496, 35.433, 0, 0, 0],
		[14, "C7_2", 907.56, 485, "T", "SMD", "GND", "GND", "R", 31.496, 35.433, 0, 0, 0],
		[15, "C8_1", 380, 902.44, "T", "SMD", "SENSE4", "", "R", 31.496, 35.433, 0, 0, 90],
		[16, "C8_2", 380, 957.56, "T", "SMD", "GND", "GND", "R", 31.496, 35.433, 0, 0, 90],
		[17, "C9_1", 1292.56, 485, "T", "SMD", "VCC", "", "R", 31.496, 35.433, 0, 0, 180],
		[18, "C9_2", 1237.44, 485, "T", "SMD", "GND", "GND", "R", 31.496, 35.433, 0, 0, 180],
		[19, "C10_1", 1597.56, 675, "T", "SMD", "SENSE5", "", "R", 31.496, 35.433, 0, 0, 180],
		[20, "C10_2", 1542.44, 675, "T", "SMD", "GND", "GND", "R", 31.496, 35.433, 0, 0, 180],
		[21, "H1_1", 700, 200, "T", "DIP", "SENSE1", "", "R", 66.929, 66.929, 43.308, 43.308, 0],
		[22, "H1_1", 700, 200, "B", "DIP", "SENSE1", "", "R", 66.929, 66.929, 43.308, 43.308, 0],
		[23, "H1_2", 800, 200, "T", "DIP", "SENSE2", "", "C", 66.929, 66.929, 43.308, 43.308, 0],
		[24, "H1_2", 800, 200, "B", "DIP", "SENSE2", "", "C", 66.929, 66.929, 43.308, 43.308, 0],
		[25, "H1_3", 900, 200, "T", "DIP", "SENSE3", "", "C", 66.929, 66.929, 43.308, 43.308, 0],
		[26, "H1_3", 900, 200, "B", "DIP", "SENSE3", "", "C", 66.929, 66.929, 43.308, 43.308, 0],
		[27, "H1_4", 1000, 200, "T", "DIP", "SENSE4", "", "C", 66.929, 66.929, 43.308, 43.308, 0],
		[28, "H1_4", 1000, 200, "B", "DIP", "SENSE4", "", "C", 66.929, 66.929, 43.308, 43.308, 0],
		[29, "H1_5", 1100, 200, "T", "DIP", "SENSE5", "", "C", 66.929, 66.929, 43.308, 43.308, 0],
		[30, "H1_5", 1100, 200, "B", "DIP", "SENSE5", "", "C", 66.929, 66.929, 43.308, 43.308, 0],
		[31, "H1_6", 1200, 200, "T", "DIP", "GND", "GND", "C", 66.929, 66.929, 43.308, 43.308, 0],
		[32, "H1_6", 1200, 200, "B", "DIP", "GND", "GND", "C", 66.929, 66.929, 43.308, 43.308, 0],
		[33, "H1_7", 1300, 200, "T", "DIP", "VCC", "", "C", 66.929, 66.929, 43.308, 43.308, 0],
		[34, "H1_7", 1300, 200, "B", "DIP", "VCC", "", "C", 66.929, 66.929, 43.308, 43.308, 0],
		[35, "R1_1", 730.34, 1560, "T", "SMD", "SENSE1", "", "R", 31.751, 34.016, 0, 0, 0],
		[36, "R1_2", 789.66, 1560, "T", "SMD", "$1N1911", "", "R", 31.751, 34.016, 0, 0, 0],
		[37, "R2_1", 1338.771, 1552.687, "T", "SMD", "SENSE2", "", "R", 31.751, 34.016, 0, 0, 0],
		[38, "R2_2", 1398.091, 1552.687, "T", "SMD", "$1N2092", "", "R", 31.751, 34.016, 0, 0, 0],
		[39, "R3_1", 870, 1614.66, "T", "SMD", "SENSE3", "", "R", 31.751, 34.016, 0, 0, 270],
		[40, "R3_2", 870, 1555.34, "T", "SMD", "$1N2255", "", "R", 31.751, 34.016, 0, 0, 270],
		[41, "R4_1", 495, 899.66, "T", "SMD", "SENSE4", "", "R", 31.751, 34.016, 0, 0, 270],
		[42, "R4_2", 495, 840.34, "T", "SMD", "$1N2426", "", "R", 31.751, 34.016, 0, 0, 270],
		[43, "R5_1", 1599.66, 790, "T", "SMD", "SENSE5", "", "R", 31.751, 34.016, 0, 0, 180],
		[44, "R5_2", 1540.34, 790, "T", "SMD", "$1N2605", "", "R", 31.751, 34.016, 0, 0, 180],
		[45, "U1_1", 739.37, 1262.6, "T", "SMD", "VCC", "", "R", 49.213, 27.559, 0, 0, 0],
		[46, "U1_2", 739.37, 1337.4, "T", "SMD", "$1N1911", "", "R", 49.213, 27.559, 0, 0, 0],
		[47, "U1_3", 660.63, 1300, "T", "SMD", "GND", "GND", "R", 49.213, 27.559, 0, 0, 0],
		[48, "U2_1", 1339.37, 1262.6, "T", "SMD", "VCC", "", "R", 49.213, 27.559, 0, 0, 0],
		[49, "U2_2", 1339.37, 1337.4, "T", "SMD", "$1N2092", "", "R", 49.213, 27.559, 0, 0, 0],
		[50, "U2_3", 1260.63, 1300, "T", "SMD", "GND", "GND", "R", 49.213, 27.559, 0, 0, 0],
		[51, "U3_1", 1039.37, 962.6, "T", "SMD", "VCC", "", "R", 49.213, 27.559, 0, 0, 0],
		[52, "U3_2", 1039.37, 1037.4, "T", "SMD", "$1N2255", "", "R", 49.213, 27.559, 0, 0, 0],
		[53, "U3_3", 960.63, 1000, "T", "SMD", "GND", "GND", "R", 49.213, 27.559, 0, 0, 0],
		[54, "U4_1", 739.37, 662.6, "T", "SMD", "VCC", "", "R", 49.213, 27.559, 0, 0, 0],
		[55, "U4_2", 739.37, 737.4, "T", "SMD", "$1N2426", "", "R", 49.213, 27.559, 0, 0, 0],
		[56, "U4_3", 660.63, 700, "T", "SMD", "GND", "GND", "R", 49.213, 27.559, 0, 0, 0],
		[57, "U5_1", 1339.37, 662.6, "T", "SMD", "VCC", "", "R", 49.213, 27.559, 0, 0, 0],
		[58, "U5_2", 1339.37, 737.4, "T", "SMD", "$1N2605", "", "R", 49.213, 27.559, 0, 0, 0],
		[59, "U5_3", 1260.63, 700, "T", "SMD", "GND", "GND", "R", 49.213, 27.559, 0, 0, 0],
		[60, "PAD1_2", 495, 1047.44, "T", "SMD", "GND", "GND", "R", 31.496, 35.433, 0, 0, 270],
		[61, "PAD2_1", 495, 1102.56, "T", "SMD", "VCC", "", "R", 31.496, 35.433, 0, 0, 270],
		[62, "PAD3_2", 567.44, 1560, "T", "SMD", "GND", "GND", "R", 31.496, 35.433, 0, 0, 180],
		[63, "PAD4_1", 622.56, 1560, "T", "SMD", "SENSE1", "", "R", 31.496, 35.433, 0, 0, 180],
		[64, "PAD5_2", 1600, 1082.44, "T", "SMD", "GND", "GND", "R", 31.496, 35.433, 0, 0, 270],
		[65, "PAD6_1", 1600, 1137.56, "T", "SMD", "VCC", "", "R", 31.496, 35.433, 0, 0, 270],
		[66, "PAD7_2", 1142.4845, 1551.037, "T", "SMD", "GND", "GND", "R", 31.496, 35.433, 0, 0, 180],
		[67, "PAD8_1", 1197.6045, 1551.037, "T", "SMD", "SENSE2", "", "R", 31.496, 35.433, 0, 0, 180],
		[68, "PAD9_2", 1602.0591, 943.5821, "T", "SMD", "GND", "GND", "R", 31.496, 35.433, 0, 0, 90],
		[69, "PAD10_1", 1602.0591, 888.4621, "T", "SMD", "VCC", "", "R", 31.496, 35.433, 0, 0, 90],
		[70, "PAD11_2", 1047.56, 1550, "T", "SMD", "GND", "GND", "R", 31.496, 35.433, 0, 0, 0],
		[71, "PAD12_1", 992.44, 1550, "T", "SMD", "SENSE3", "", "R", 31.496, 35.433, 0, 0, 0],
		[72, "PAD13_2", 907.56, 485, "T", "SMD", "GND", "GND", "R", 31.496, 35.433, 0, 0, 0],
		[73, "PAD14_1", 852.44, 485, "T", "SMD", "VCC", "", "R", 31.496, 35.433, 0, 0, 0],
		[74, "PAD15_2", 380, 957.56, "T", "SMD", "GND", "GND", "R", 31.496, 35.433, 0, 0, 90],
		[75, "PAD16_1", 380, 902.44, "T", "SMD", "SENSE4", "", "R", 31.496, 35.433, 0, 0, 90],
		[76, "PAD17_2", 1237.44, 485, "T", "SMD", "GND", "GND", "R", 31.496, 35.433, 0, 0, 180],
		[77, "PAD18_1", 1292.56, 485, "T", "SMD", "VCC", "", "R", 31.496, 35.433, 0, 0, 180],
		[78, "PAD19_2", 1542.44, 675, "T", "SMD", "GND", "GND", "R", 31.496, 35.433, 0, 0, 180],
		[79, "PAD20_1", 1597.56, 675, "T", "SMD", "SENSE5", "", "R", 31.496, 35.433, 0, 0, 180],
		[80, "PAD21_2", 789.66, 1560, "T", "SMD", "$1N1911", "", "R", 31.751, 34.016, 0, 0, 0],
		[81, "PAD22_1", 730.34, 1560, "T", "SMD", "SENSE1", "", "R", 31.751, 34.016, 0, 0, 0],
		[82, "PAD23_2", 1398.091, 1552.687, "T", "SMD", "$1N2092", "", "R", 31.751, 34.016, 0, 0, 0],
		[83, "PAD24_1", 1338.771, 1552.687, "T", "SMD", "SENSE2", "", "R", 31.751, 34.016, 0, 0, 0],
		[84, "PAD25_2", 870, 1555.34, "T", "SMD", "$1N2255", "", "R", 31.751, 34.016, 0, 0, 270],
		[85, "PAD26_1", 870, 1614.66, "T", "SMD", "SENSE3", "", "R", 31.751, 34.016, 0, 0, 270],
		[86, "PAD27_2", 495, 840.34, "T", "SMD", "$1N2426", "", "R", 31.751, 34.016, 0, 0, 270],
		[87, "PAD28_1", 495, 899.66, "T", "SMD", "SENSE4", "", "R", 31.751, 34.016, 0, 0, 270],
		[88, "PAD29_2", 1540.34, 790, "T", "SMD", "$1N2605", "", "R", 31.751, 34.016, 0, 0, 180],
		[89, "PAD30_1", 1599.66, 790, "T", "SMD", "SENSE5", "", "R", 31.751, 34.016, 0, 0, 180],
		[90, "PAD31_1", 700, 200, "T", "DIP", "SENSE1", "", "R", 66.929, 66.929, 43.308, 43.308, 0],
		[91, "PAD31_1", 700, 200, "B", "DIP", "SENSE1", "", "R", 66.929, 66.929, 43.308, 43.308, 0],
		[92, "PAD32_2", 800, 200, "T", "DIP", "SENSE2", "", "C", 66.929, 66.929, 43.308, 43.308, 0],
		[93, "PAD32_2", 800, 200, "B", "DIP", "SENSE2", "", "C", 66.929, 66.929, 43.308, 43.308, 0],
		[94, "PAD33_3", 900, 200, "T", "DIP", "SENSE3", "", "C", 66.929, 66.929, 43.308, 43.308, 0],
		[95, "PAD33_3", 900, 200, "B", "DIP", "SENSE3", "", "C", 66.929, 66.929, 43.308, 43.308, 0],
		[96, "PAD34_4", 1000, 200, "T", "DIP", "SENSE4", "", "C", 66.929, 66.929, 43.308, 43.308, 0],
		[97, "PAD34_4", 1000, 200, "B", "DIP", "SENSE4", "", "C", 66.929, 66.929, 43.308, 43.308, 0],
		[98, "PAD35_5", 1100, 200, "T", "DIP", "SENSE5", "", "C", 66.929, 66.929, 43.308, 43.308, 0],
		[99, "PAD35_5", 1100, 200, "B", "DIP", "SENSE5", "", "C", 66.929, 66.929, 43.308, 43.308, 0],
		[100, "PAD36_6", 1200, 200, "T", "DIP", "GND", "GND", "C", 66.929, 66.929, 43.308, 43.308, 0],
		[101, "PAD36_6", 1200, 200, "B", "DIP", "GND", "GND", "C", 66.929, 66.929, 43.308, 43.308, 0],
		[102, "PAD37_7", 1300, 200, "T", "DIP", "VCC", "", "C", 66.929, 66.929, 43.308, 43.308, 0],
		[103, "PAD37_7", 1300, 200, "B", "DIP", "VCC", "", "C", 66.929, 66.929, 43.308, 43.308, 0],
		[104, "PAD38_1", 739.37, 1262.6, "T", "SMD", "VCC", "", "R", 49.213, 27.559, 0, 0, 0],
		[105, "PAD39_2", 739.37, 1337.4, "T", "SMD", "$1N1911", "", "R", 49.213, 27.559, 0, 0, 0],
		[106, "PAD40_3", 660.63, 1300, "T", "SMD", "GND", "GND", "R", 49.213, 27.559, 0, 0, 0],
		[107, "PAD41_1", 1339.37, 1262.6, "T", "SMD", "VCC", "", "R", 49.213, 27.559, 0, 0, 0],
		[108, "PAD42_2", 1339.37, 1337.4, "T", "SMD", "$1N2092", "", "R", 49.213, 27.559, 0, 0, 0],
		[109, "PAD43_3", 1260.63, 1300, "T", "SMD", "GND", "GND", "R", 49.213, 27.559, 0, 0, 0],
		[110, "PAD44_1", 1039.37, 962.6, "T", "SMD", "VCC", "", "R", 49.213, 27.559, 0, 0, 0],
		[111, "PAD45_2", 1039.37, 1037.4, "T", "SMD", "$1N2255", "", "R", 49.213, 27.559, 0, 0, 0],
		[112, "PAD46_3", 960.63, 1000, "T", "SMD", "GND", "GND", "R", 49.213, 27.559, 0, 0, 0],
		[113, "PAD47_1", 739.37, 662.6, "T", "SMD", "VCC", "", "R", 49.213, 27.559, 0, 0, 0],
		[114, "PAD48_2", 739.37, 737.4, "T", "SMD", "$1N2426", "", "R", 49.213, 27.559, 0, 0, 0],
		[115, "PAD49_3", 660.63, 700, "T", "SMD", "GND", "GND", "R", 49.213, 27.559, 0, 0, 0],
		[116, "PAD50_1", 1339.37, 662.6, "T", "SMD", "VCC", "", "R", 49.213, 27.559, 0, 0, 0],
		[117, "PAD51_2", 1339.37, 737.4, "T", "SMD", "$1N2605", "", "R", 49.213, 27.559, 0, 0, 0],
		[118, "PAD52_3", 1260.63, 700, "T", "SMD", "GND", "GND", "R", 49.213, 27.559, 0, 0, 0]
	]
}
}